# Barcodes: 1413; 1414; 1423; 1424; 1433; 1434; 1443; 1444,,,,,,,,,,,,
# Description: approx 8 variants control with R0-WT and control plasmid; screening for Kemp-El. activity,,,,,,,,,,,,
# rows=8 ; columns=12,,,,,,,,,,,,
# Entry format: Type:Description; supported types: S: sample; R: reference; pCTRL: postitive control; nCTRL: negative control; BL: blank; 0: empty well,,,,,,,,,,,,
# in case ALL fields of the substrate, cofactor or enzyme specifications are  empty, the standard concentrations in the header comment are  assumed for all fields.,,,,,,,,,,
# A zero (0) in a field means that no Substrate/Cofactor/Enzyme was added => concentration = 0. Conc.,,,,,,,,,,,,
# NA means, concentration was not determined. NA is also assumed, if no header concentration is given.,,,,,,,,,,
# Standard volume unit is ul and concentration unit is mM,,,,,,,,,,,,
HEAD_DESCR,1,2,3,4,5,6,7,8,9,10,11,12
A,BL:blank,BL:blank,BL:blank,BL:blank,BL:blank,BL:blank,BL:blank,BL:blank,BL:blank,BL:blank,BL:blank,BL:blank
B,BL:blank,R: R0WT,R: R0WT,S:R7CaM,S:R7CaM,S:A88Q+H107I+L112R,S:A88Q+H107I+L112R,S:A88Q+H107I+M124L,S:A88Q+H107I+M124L,S:A88Q+H107I+M144R,S:A88Q+H107I+M144R,BL:blank
C,BL:blank,R: R0WT,R: R0WT,S:R7CaM,S:R7CaM,S:A88Q+H107I+L112R,S:A88Q+H107I+L112R,S:A88Q+H107I+M124L,S:A88Q+H107I+M124L,S:A88Q+H107I+M144R,S:A88Q+H107I+M144R,BL:blank
D,BL:blank,R: R0WT,R: R0WT,S:R7CaM,S:R7CaM,S:A88Q+H107I+L112R,S:A88Q+H107I+L112R,S:A88Q+H107I+M124L,S:A88Q+H107I+M124L,S:A88Q+H107I+M144R,S:A88Q+H107I+M144R,BL:blank
E,BL:blank,nCTRL:empty vector,nCTRL:empty vector,S:R7CaM,S:R7CaM,S:A88Q+H107I+L112R,S:A88Q+H107I+L112R,S:A88Q+H107I+M124L,S:A88Q+H107I+M124L,S:A88Q+H107I+M144R,S:A88Q+H107I+M144R,BL:blank
F,BL:blank,nCTRL:empty vector,nCTRL:empty vector,S:A88Q+ H107I+L112R+M144R,S:A88Q+ H107I+L112R+M144R,S:A88Q+ H107I+L112R+M144R,S:A88Q+ H107I+L112R+M144R,S:A88Q+ A128T+H107I,S:A88Q+ A128T+H107I,S:A88Q+ A128T+H107I,S:A88Q+ A128T+H107I,BL:blank
G,BL:blank,nCTRL:empty vector,nCTRL:empty vector,S:A88Q+ H107I+L112R+M144R,S:A88Q+ H107I+L112R+M144R,S:A88Q+ H107I+L112R+M144R,S:A88Q+ H107I+L112R+M144R,S:A88Q+ A128T+H107I,S:A88Q+ A128T+H107I,S:A88Q+ A128T+H107I,S:A88Q+ A128T+H107I,BL:blank
H,BL:blank,BL:blank,BL:blank,BL:blank,BL:blank,BL:blank,BL:blank,BL:blank,BL:blank,BL:blank,BL:blank,BL:blank
# Volumes : 200,,,,,,,,,,,,
# Addition 1: Substrate1 : KEMP : 0.5,,,,,,,,,,,,
# Addition 2: Cosolvent1 : AcN : 0.5,,,,,,,,,,,,
